date,ticker,open,high,low,close
2017/12/30,ADA,0.4955,0.6941,0.42,0.59
2018/1/30,ADA,0.5904,0.603,0.5,0.525
2018/2/28,ADA,0.3306,0.3322,0.306,0.3083
2018/3/28,ADA,0.1569,0.1622,0.1519,0.1573
2018/4/28,ADA,0.2897,0.3633,0.282,0.3458
2018/5/28,ADA,0.1906,0.1942,0.1759,0.1759
2018/6/28,ADA,0.1262,0.1287,0.1209,0.1209
2018/7/28,ADA,0.1689,0.1691,0.1593,0.1621
2018/8/28,ADA,0.09749,0.1074,0.09741,0.1049
2018/9/28,ADA,0.0874,0.09,0.083,0.08425
2018/10/28,ADA,0.07416,0.07559,0.0725,0.07349
2018/11/28,ADA,0.03663,0.04787,0.03587,0.04119
2018/12/28,ADA,0.03612,0.04301,0.03599,0.04121
2019/1/28,ADA,0.04121,0.04134,0.03674,0.03825
2019/2/28,ADA,0.04248,0.04452,0.04247,0.0434
2019/3/28,ADA,0.06684,0.06718,0.06361,0.06556
2019/4/28,ADA,0.06926,0.07228,0.06816,0.06878
2019/5/28,ADA,0.08965,0.09231,0.08709,0.09149
2019/6/28,ADA,0.08594,0.08923,0.08336,0.08815
2019/7/28,ADA,0.06029,0.06105,0.05821,0.05847
2019/8/28,ADA,0.04889,0.0504,0.04535,0.04598
2019/9/28,ADA,0.03942,0.04086,0.03823,0.03858
2019/10/28,ADA,0.04246,0.04472,0.04202,0.04328
2019/11/28,ADA,0.03917,0.04077,0.0385,0.03872
2019/12/28,ADA,0.03368,0.03484,0.03284,0.0337
2020/1/28,ADA,0.04798,0.05448,0.04756,0.05224
2020/2/28,ADA,0.05007,0.05272,0.04613,0.04953
2020/3/28,ADA,0.03022,0.03022,0.02788,0.02953
2020/4/28,ADA,0.04544,0.04806,0.04523,0.04714
2020/5/28,ADA,0.05469,0.06385,0.05459,0.06338
2020/6/28,ADA,0.07817,0.08104,0.07609,0.08067
2020/7/28,ADA,0.1372,0.1492,0.1348,0.1484
2020/8/28,ADA,0.1059,0.1115,0.1051,0.1091
2020/9/28,ADA,0.1011,0.1065,0.1004,0.1033
2020/10/28,ADA,0.1033,0.1034,0.09555,0.09921
2020/11/28,ADA,0.1369,0.1721,0.1369,0.1646
2020/12/28,ADA,0.1553,0.1796,0.1531,0.173
2021/1/28,ADA,0.3159,0.3487,0.3053,0.3466
2021/2/28,ADA,1.285,1.362,1.16,1.295
2021/3/28,ADA,1.19,1.218,1.168,1.181
2021/4/28,ADA,1.31,1.35,1.237,1.34
2021/5/28,ADA,1.687,1.688,1.453,1.467
2021/6/28,ADA,1.272,1.349,1.272,1.342
2021/7/28,ADA,1.263,1.317,1.255,1.283
2021/8/28,ADA,2.89,2.949,2.78,2.865
2021/9/28,ADA,2.195,2.201,2.032,2.085
2021/10/28,ADA,1.956,2.057,1.91,1.986
2021/11/28,ADA,1.5546,1.5903,1.4298,1.5525
2021/12/28,ADA,1.53346,1.53946,1.37714,1.41928
2022/1/28,ADA,1.03842,1.05942,1.0083,1.04421
2022/2/28,ADA,0.85034,0.970388,0.840336,0.944378
2022/3/28,ADA,1.17035,1.2455,1.16135,1.20148
2022/4/28,ADA,0.840584,0.852685,0.825883,0.8501
2022/5/28,ADA,0.456443,0.466486,0.447571,0.464056
2022/6/28,ADA,0.487366,0.496952,0.470315,0.478111
2022/7/28,ADA,0.505421,0.523915,0.489434,0.516703
2022/8/28,ADA,0.444759,0.454033,0.436929,0.44333
2022/9/28,ADA,0.440466,0.443256,0.424925,0.43852
2022/10/28,ADA,0.391133,0.411409,0.378921,0.407401
2022/11/28,ADA,0.318816,0.318979,0.300145,0.30646
2022/12/28,ADA,0.259559,0.260893,0.246801,0.248156
2023/1/28,ADA,0.385575,0.397975,0.378283,0.381162
2023/2/28,ADA,0.364912,0.367843,0.348598,0.35227
2023/3/28,ADA,0.343751,0.365856,0.342941,0.365563
2023/4/28,ADA,0.411546,0.411572,0.398135,0.405532
2023/5/28,ADA,0.365585,0.379301,0.365306,0.378487
2023/6/28,ADA,0.289205,0.289625,0.26625,0.269577
2023/7/28,ADA,0.307737,0.31308,0.306091,0.311114
2023/8/28,ADA,0.262746,0.267057,0.257702,0.264665
2023/9/28,ADA,0.244729,0.250532,0.243166,0.248905
2023/10/28,ADA,0.289387,0.297499,0.28783,0.291007
2023/11/28,ADA,0.374517,0.388431,0.369436,0.383322
2023/12/28,ADA,0.632228,0.676683,0.61019,0.624378
2024/1/28,ADA,0.48701,0.50047,0.483447,0.486412
2024/2/28,ADA,0.62563,0.661439,0.598121,0.62852
2024/3/28,ADA,0.649646,0.658072,0.634845,0.651757
2024/4/28,ADA,0.463772,0.477999,0.463446,0.468829
2024/5/28,ADA,0.466314,0.46903,0.451459,0.457505
2024/6/28,ADA,0.391385,0.395856,0.38456,0.387707
2024/7/28,ADA,0.422352,0.422656,0.405248,0.407573
2024/8/28,ADA,0.354234,0.360606,0.340901,0.351242
2024/9/28,ADA,0.401162,0.404903,0.392361,0.399234
2024/10/28,ADA,0.340272,0.347763,0.32998,0.344009
2024/11/28,ADA,1.00721,1.03783,0.970221,1.03783
2025/1/28,ADA,0.931367,0.968013,0.903029,0.916584
2025/2/28,ADA,0.647213,0.647847,0.580432,0.629249
2019/5/1,ATOM,4.38,4.71,4.27,4.45
2019/6/1,ATOM,5.88,6.4,5.68,5.86
2019/7/1,ATOM,5.619,5.687,5.138,5.348
2019/8/1,ATOM,3.636,3.672,3.439,3.556
2019/9/1,ATOM,2.05,2.232,1.964,2.169
2019/10/1,ATOM,2.5,2.665,2.477,2.524
2019/11/1,ATOM,3.225,3.305,3.175,3.289
2019/12/1,ATOM,3.903,3.947,3.592,3.822
2020/1/1,ATOM,4.192,4.474,4.192,4.371
2020/2/1,ATOM,4.393,4.45,4.304,4.394
2020/3/1,ATOM,3.524,3.542,3.25,3.373
2020/4/1,ATOM,1.97,1.975,1.882,1.949
2020/5/1,ATOM,2.791,2.931,2.728,2.864
2020/6/1,ATOM,2.773,2.825,2.704,2.819
2020/7/1,ATOM,2.595,2.68,2.577,2.669
2020/8/1,ATOM,3.777,4.13,3.777,4.082
2020/9/1,ATOM,7.293,7.638,7.014,7.247
2020/10/1,ATOM,5.3,5.593,4.972,5.035
2020/11/1,ATOM,4.646,4.871,4.548,4.751
2020/12/1,ATOM,5.539,5.707,5.158,5.319
2021/1/1,ATOM,6.167,6.513,5.657,5.917
2021/2/1,ATOM,8.016,9.265,7.849,8.855
2021/3/1,ATOM,17.83,18.88,17.55,18.4
2021/4/1,ATOM,19.33,19.8,18.96,19.28
2021/5/1,ATOM,22.53,24.46,22.44,23.6
2021/6/1,ATOM,13.58,14.49,13.39,13.8
2021/7/1,ATOM,11.94,12.06,10.72,11.07
2021/8/1,ATOM,12.76,13.44,12.52,12.89
2021/9/1,ATOM,22.64,25.98,22.13,25.6
2021/10/1,ATOM,35.75,38.58,34.81,37.54
2021/11/1,ATOM,37.42,38.18,34.8,37.41
2021/12/1,ATOM,27.976,28.299,26.293,26.731
2022/1/1,ATOM,32.8633,37.0037,32.2765,36.2673
2022/2/1,ATOM,28.1241,29.8579,27.8167,29.1575
2022/3/1,ATOM,30.2321,33.0465,30.2191,30.9493
2022/4/1,ATOM,28.8486,29.6848,27.7155,29.5189
2022/5/1,ATOM,18.46,18.6819,17.26,17.98
2022/6/1,ATOM,10.1821,10.4916,9.11218,9.24357
2022/7/1,ATOM,7.12744,8.3525,7.10057,8.1475
2022/8/1,ATOM,10.6462,10.7726,10.0587,10.1811
2022/9/1,ATOM,12.0709,12.547,11.4834,12.3913
2022/10/1,ATOM,12.788,13.098,12.491,12.69
2022/11/1,ATOM,14.3941,14.4577,13.8499,14.1236
2022/12/1,ATOM,10.4763,10.5711,10.1371,10.2716
2023/1/1,ATOM,9.27927,9.47274,9.26027,9.43157
2023/2/1,ATOM,13.4361,14.9288,13.2704,14.6789
2023/3/1,ATOM,12.2963,12.9446,12.2267,12.6727
2023/4/1,ATOM,11.1632,11.5057,11.0426,11.3521
2023/5/1,ATOM,11.6236,11.6429,10.8368,10.98
2023/6/1,ATOM,10.4766,10.4914,10.2253,10.3539
2023/7/1,ATOM,9.24586,9.57681,9.15943,9.5
2023/8/1,ATOM,8.8465,8.90584,8.60502,8.84049
2023/9/1,ATOM,6.8961,6.97433,6.64941,6.67952
2023/10/1,ATOM,7.25445,7.49582,7.17629,7.48082
2023/11/1,ATOM,7.90732,8.03045,7.54626,7.90253
2023/12/1,ATOM,9.28058,9.47479,9.18174,9.44077
2024/1/1,ATOM,10.5454,11.1807,10.4514,11.1061
2024/2/1,ATOM,9.1089,9.22876,8.96062,9.08836
2024/3/1,ATOM,11.1476,11.5081,11.1468,11.5069
2024/4/1,ATOM,12.1745,12.3941,11.3903,11.6374
2024/5/1,ATOM,8.0635,8.58699,8.06251,8.53118
2024/6/1,ATOM,8.32516,8.35747,8.24973,8.34557
2024/7/1,ATOM,6.61566,6.84095,6.61273,6.80044
2024/8/1,ATOM,5.80591,5.86942,5.48573,5.76327
2024/9/1,ATOM,4.56446,4.57413,4.3983,4.4442
2024/10/1,ATOM,4.81046,4.90322,4.24585,4.48583
2024/11/1,ATOM,4.22481,4.30069,4.10512,4.15313
2024/12/1,ATOM,8.58843,8.87715,8.30698,8.8255
2025/2/1,ATOM,6.24619,6.41291,5.82648,5.8476
2025/3/1,ATOM,4.62876,4.65574,4.42123,4.51729
2020/9/22,AVAX,5.014,7.007,4.031,5.25
2020/10/22,AVAX,3.969,4.488,3.96,4.338
2020/11/22,AVAX,4.015,4.051,3.709,3.887
2020/12/22,AVAX,3.088,3.131,2.924,3.078
2021/1/22,AVAX,11.33,13.39,10.7,12.73
2021/2/22,AVAX,36.17,36.27,26.63,32.26
2021/3/22,AVAX,32.81,33.58,28.7,29.2
2021/4/22,AVAX,25.81,27.72,23.27,24.01
2021/5/22,AVAX,21.86,22.44,18.35,18.85
2021/6/22,AVAX,11.21,11.77,9.354,10.58
2021/7/22,AVAX,10.43,10.96,10.24,10.83
2021/8/22,AVAX,43.76,45.06,40.65,43.73
2021/9/22,AVAX,59.02,74.61,57.74,74.04
2021/10/22,AVAX,61.45,68.7,61.36,65.52
2021/11/22,AVAX,128.6,145.11,126.4,134.96
2021/12/22,AVAX,122.859,127.321,118.207,119.88
2022/1/22,AVAX,65.8432,67.5303,53.6461,59.1777
2022/2/22,AVAX,71.8959,74.4498,67.2402,72.6363
2022/3/22,AVAX,86.7847,89.9249,84.7223,85.5628
2022/4/22,AVAX,75.3575,77.2354,73.3547,74.2374
2022/5/22,AVAX,29.172,32.6208,28.9723,30.9328
2022/6/22,AVAX,17.0213,17.3726,15.954,16.3436
2022/7/22,AVAX,25.0463,25.5551,23.6026,23.9353
2022/8/22,AVAX,23.1995,23.1995,21.6387,22.016
2022/9/22,AVAX,16.42,17.85,16.2016,17.54
2022/10/22,AVAX,15.5211,15.9103,15.4709,15.7214
2022/11/22,AVAX,11.7958,12.3561,11.4364,12.305
2022/12/22,AVAX,11.6405,11.8382,11.4591,11.808
2023/1/22,AVAX,17.1426,18.4428,16.793,17.3135
2023/2/22,AVAX,20.8736,21.5439,19.5914,20.27
2023/3/22,AVAX,17.4455,17.9698,16.3151,16.7959
2023/4/22,AVAX,16.7782,17.3602,16.7202,17.2115
2023/5/22,AVAX,14.317,14.7773,14.0871,14.7172
2023/6/22,AVAX,12.8509,13.2306,12.6005,12.6926
2023/7/22,AVAX,13.9202,14.0517,13.6319,13.7015
2023/8/22,AVAX,10.3985,10.4186,9.70995,9.89644
2023/9/22,AVAX,8.81964,8.92221,8.73955,8.84448
2023/10/22,AVAX,9.63462,10.0713,9.54457,9.89926
2023/11/22,AVAX,19.2244,21.2499,18.9532,20.9317
2023/12/22,AVAX,46.2509,48.8707,43.6894,44.6654
2024/1/22,AVAX,32.5973,32.785,29.3692,29.7782
2024/2/22,AVAX,37.2501,38.2115,36.52,37.0782
2024/3/22,AVAX,53.6377,57.713,51.6443,52.2355
2024/4/22,AVAX,37.1662,39.699,36.7875,39.2247
2024/5/22,AVAX,40.6985,41.7603,39.2077,40.2528
2024/6/22,AVAX,27.4758,27.5591,24.5472,25.6288
2024/7/22,AVAX,32.688,32.9829,31.3362,32.0295
2024/8/22,AVAX,23.5719,25.1954,23.1556,24.7711
2024/9/22,AVAX,27.4045,27.9921,26.6347,26.837
2024/10/22,AVAX,27.9473,28.2031,27.2321,27.6701
2024/11/22,AVAX,35.9404,41.9735,35.2198,41.9735
2025/2/22,AVAX,24.697,25.9681,24.4357,25.7077
2017/9/8,BNB,1.3,1.31,0.8887,1.01
2017/10/8,BNB,1.66,1.68,1.16,1.2
2017/11/8,BNB,1.88,2.15,1.79,2.04
2017/12/8,BNB,2.58,3,2.34,2.82
2018/1/8,BNB,17.24,18.93,16.17,18.12
2018/2/8,BNB,8.35,8.95,8.05,8.6
2018/3/8,BNB,8.9,9.16,8.03,8.18
2018/4/8,BNB,12.52,12.57,12.16,12.26
2018/5/8,BNB,13.7,13.96,13.12,13.34
2018/6/8,BNB,17.13,17.16,15.82,16.42
2018/7/8,BNB,14,14.21,13.86,14.02
2018/8/8,BNB,13.22,13.23,11.95,12.09
2018/9/8,BNB,10.01,10.13,9.32,9.46
2018/10/8,BNB,10.45,10.67,10.45,10.56
2018/11/8,BNB,9.81,9.85,9.62,9.64
2018/12/8,BNB,4.56,4.85,4.35,4.79
2019/1/8,BNB,6.21,6.82,6.06,6.65
2019/2/8,BNB,7.87,8.34,7.76,7.89
2019/3/8,BNB,18.6,19.79,13.62,14.03
2019/4/8,BNB,19.14,19.28,18.1,18.21
2019/5/8,BNB,21.82,21.94,19.47,20.72
2019/6/8,BNB,31.36,32.38,31.28,31.78
2019/7/8,BNB,33.22,34.55,32.8,33.27
2019/8/8,BNB,29.75,31.74,29.16,31.34
2019/9/8,BNB,22.54,22.79,22.17,22.44
2019/10/8,BNB,15.93,16.37,15.84,15.96
2019/11/8,BNB,20.38,20.52,19.21,19.64
2019/12/8,BNB,15.67,15.8,15.4,15.71
2020/1/8,BNB,14.88,15.33,14.19,14.57
2020/2/8,BNB,22.05,22.18,20.89,21.82
2020/3/8,BNB,20.25,20.35,17.59,17.59
2020/4/8,BNB,14.56,15.34,14.47,15.14
2020/5/8,BNB,17.11,17.39,16.83,17.3
2020/6/8,BNB,17.34,17.7,17.21,17.3
2020/7/8,BNB,16.53,17.41,16.53,17.28
2020/8/8,BNB,22.25,22.82,21.89,22.68
2020/9/8,BNB,21.8,23.43,21.32,22.72
2020/10/8,BNB,27.8,27.89,26.59,27.44
2020/11/8,BNB,27.98,28.71,27.52,28.26
2020/12/8,BNB,29.37,29.52,27.61,27.61
2021/1/8,BNB,43.48,43.69,40.44,42.25
2021/2/8,BNB,67.82,79.03,67.71,79.02
2021/3/8,BNB,235.85,242.79,229.05,235.5
2021/4/8,BNB,379.42,422.3,372.25,415.15
2021/5/8,BNB,623.9,658.46,614.41,647.11
2021/6/8,BNB,365.01,370.75,320.73,352.62
2021/7/8,BNB,334.28,334.28,310.4,311.15
2021/8/8,BNB,350.25,360.05,337.1,343.36
2021/9/8,BNB,411.22,425.21,383.26,413.5
2021/10/8,BNB,444.26,444.37,416.34,419.71
2021/11/8,BNB,645.85,654.57,632.49,652.23
2021/12/8,BNB,573.817,603.212,567.793,598.138
2022/1/8,BNB,447.955,459.654,415.758,435.1
2022/2/8,BNB,435.004,445.612,406.584,410.669
2022/3/8,BNB,382.015,388.678,376.213,380.376
2022/4/8,BNB,435.543,441.188,422.184,425.97
2022/5/8,BNB,365.963,367.563,350.16,359.192
2022/6/8,BNB,291.763,294.403,283.79,289.612
2022/7/8,BNB,242.355,247.527,236.834,241.455
2022/8/8,BNB,323.361,333.863,322.142,324.339
2022/9/8,BNB,278.9,282.72,275.625,280.642
2022/10/8,BNB,282.728,283.337,276.13,276.572
2022/11/8,BNB,332.8,397.335,300.39,316.447
2022/12/8,BNB,284.2,291.929,282.397,289.72
2023/1/8,BNB,260.937,272.559,260.058,271.767
2023/2/8,BNB,332.523,335.817,323.636,327.526
2023/3/8,BNB,287.586,293.968,285.083,287.283
2023/4/8,BNB,310.823,312.733,310.295,310.771
2023/5/8,BNB,323.281,323.681,311.415,312.637
2023/6/8,BNB,257.528,267.332,257.241,263.047
2023/7/8,BNB,235.124,237.607,234.221,235.64
2023/8/8,BNB,241.417,247.849,241.108,245.963
2023/9/8,BNB,216.998,218.704,213.323,214.27
2023/10/8,BNB,212.221,212.83,209.159,211.52
2023/11/8,BNB,246.213,248.298,244.298,246.554
2023/12/8,BNB,232.181,239.996,232.163,238.479
2024/1/8,BNB,301.89,308.268,290.257,306.172
2024/2/8,BNB,308.038,320.613,307.232,319.167
2024/3/8,BNB,470.472,490.097,462.975,480.733
2024/4/8,BNB,581.152,600.932,577.683,589.265
2024/5/8,BNB,582.682,589.723,574.489,587.218
2024/6/8,BNB,680.948,694.58,677.863,685.625
2024/7/8,BNB,496.345,521.501,471.158,510.254
2024/8/8,BNB,476.448,513.554,467.761,513.554
2024/9/8,BNB,492.251,505.779,490.346,499.25
2024/10/8,BNB,573.328,586.366,559.487,583.28
2024/11/8,BNB,597.733,606.314,588.61,596.547
2024/12/8,BNB,749.604,757.775,728.367,743.896
2025/2/8,BNB,574.927,633.708,573.735,616.409
2025/3/8,BNB,594.664,602.163,589.959,595.284
2010/7/17,BTC,0.04951,0.04951,0.04951,0.04951
2010/8/17,BTC,0.0655,0.0769,0.06243,0.07
2010/9/17,BTC,0.0619,0.0619,0.059,0.059
2010/10/17,BTC,0.101,0.1045,0.1,0.102
2010/11/17,BTC,0.223,0.29,0.2116,0.2299
2010/12/17,BTC,0.25,0.25,0.24,0.24
2011/1/17,BTC,0.3868,0.3868,0.315,0.3495
2011/2/17,BTC,1.05,1.05,1.02,1.04
2011/3/17,BTC,0.86,0.88,0.81,0.8254
2011/4/17,BTC,1.05,1.14,1.03,1.11
2011/5/17,BTC,8.03,8.39,6.98,7.19
2011/6/17,BTC,17,18.34,13,15.68
2011/7/17,BTC,13.72,13.75,13.02,13.16
2011/8/17,BTC,10.96,11.1,10.66,10.95
2011/9/17,BTC,4.82,4.93,4.7,4.77
2011/10/17,BTC,3.56,3.74,2.26,2.56
2011/11/17,BTC,2.56,2.59,1.99,2.25
2011/12/17,BTC,3.2,3.23,3.16,3.2
2012/1/17,BTC,6.68,6.95,4.64,5.6
2012/2/17,BTC,4.27,4.77,4.23,4.41
2012/3/17,BTC,5.34,5.4,5.21,5.22
2012/4/17,BTC,4.93,5.02,4.93,4.98
2012/5/17,BTC,5.09,5.1,5.05,5.1
2012/6/17,BTC,6.4,6.53,6.1,6.16
2012/7/17,BTC,8.5,9.49,7.32,8.8
2012/8/17,BTC,13.5,15.4,10.6,11.58
2012/9/17,BTC,11.87,11.96,11.77,11.89
2012/10/17,BTC,11.85,11.96,11.7,11.81
2012/11/17,BTC,11.75,11.8,11.52,11.79
2012/12/17,BTC,13.3,13.49,12.75,13.25
2013/1/17,BTC,14.73,15.7,14.63,15.5
2013/2/17,BTC,27.22,27.4,25,26.81
2013/3/17,BTC,47,47.74,46.8,47.4
2013/4/17,BTC,68.36,98.78,63.3,93.07
2013/5/17,BTC,118.21,125.56,116.57,123.5
2013/6/17,BTC,99.9,102.4,98.9,101.95
2013/7/17,BTC,97.1,100,96.18,98.5
2013/8/17,BTC,108.99,114,108.23,112.75
2013/9/17,BTC,139.42,141.37,138,139.15
2013/10/17,BTC,152.82,159.94,150.75,157.59
2013/11/17,BTC,461.96,536.75,456.98,528.3
2013/12/17,BTC,759.92,779.96,678.88,714.97
2014/1/17,BTC,913.49,929.75,867.22,894.16
2014/2/17,BTC,299.8,411.21,263.36,272.28
2014/3/17,BTC,619.14,622.49,602.74,606.38
2014/4/17,BTC,536.95,537.03,486.89,502
2014/5/17,BTC,453.63,455.94,452.23,452.79
2014/6/17,BTC,599.08,608.43,594.86,605.09
2014/7/17,BTC,614.8,632.55,610.01,626.58
2014/8/17,BTC,522.01,524.71,478.22,485.5
2014/9/17,BTC,466.75,469.39,458.27,461.09
2014/10/17,BTC,379.77,384.76,372.42,380.48
2014/11/17,BTC,385.61,412.33,378.32,384.69
2014/12/17,BTC,330.22,335.67,314.31,320.02
2015/1/17,BTC,206.92,212.59,191.71,199.65
2015/2/17,BTC,235.83,247.17,232.03,243.2
2015/3/17,BTC,290.41,292.46,283.25,285.38
2015/4/17,BTC,227.98,229.28,220.56,222.59
2015/5/17,BTC,236.23,237.77,235.35,236.3
2015/6/17,BTC,249.82,258.48,245.09,247.38
2015/7/17,BTC,276.59,280.76,271.17,279.62
2015/8/17,BTC,257.12,259.93,252.87,257.13
2015/9/17,BTC,228.6,235.17,227.95,232.72
2015/10/17,BTC,262.87,275.41,261.74,269.58
2015/11/17,BTC,330.21,342.91,328.15,333.91
2015/12/17,BTC,453.98,458.44,447.29,455.53
2016/1/17,BTC,385.04,390.72,377.71,382.47
2016/2/17,BTC,406.42,421.45,405.05,417.14
2016/3/17,BTC,415.91,419.56,415.33,418.16
2016/4/17,BTC,430.05,430.62,423.79,426.26
2016/5/17,BTC,454.87,456.3,451.71,453.25
2016/6/17,BTC,761.21,771.89,704.21,743.9
2016/7/17,BTC,660.69,680.94,660.13,676.33
2016/8/17,BTC,580.19,581.1,568.66,572.34
2016/9/17,BTC,607.78,609.61,604.52,607.08
2016/10/17,BTC,640.12,641.29,634.89,637.37
2016/11/17,BTC,740.28,751.91,730.08,737.53
2016/12/17,BTC,782.05,791.57,779.36,787.17
2017/1/17,BTC,827.34,906.38,825.04,899.66
2017/2/17,BTC,1031.93,1057.39,1025.87,1049.41
2017/3/17,BTC,1172.88,1174.9,1063.48,1071.71
2017/4/17,BTC,1176.8,1202.97,1172.81,1194.01
2017/5/17,BTC,1729.34,1842.83,1703.97,1801.3
2017/6/17,BTC,2508.58,2690.71,2454.81,2655.1
2017/7/17,BTC,1914.09,2233.83,1913.79,2233.39
2017/8/17,BTC,4387.4,4487.5,4194.1,4278.92
2017/9/17,BTC,3698.92,3796.56,3485.83,3689.61
2017/10/17,BTC,5759.25,5773.32,5521.09,5598.58
2017/11/17,BTC,7853.68,8000.19,7534.7,7699.95
2017/12/17,BTC,19346.6,19870.6,18750.9,19065.7
2018/1/17,BTC,11282.5,11736.3,9205.38,11162.7
2018/2/17,BTC,10218.5,10970.8,10075.8,10950.3
2018/3/17,BTC,8503.87,8524.8,7766.11,8028.06
2018/4/17,BTC,8044.67,8185.27,7864.98,7943.6
2018/5/17,BTC,8282.25,8466.28,8147.48,8164.51
2018/6/17,BTC,6538.42,6584.18,6465.44,6517.81
2018/7/17,BTC,6678.61,7466.94,6675.39,7366.28
2018/8/17,BTC,6287.16,6559.66,6273.17,6524.58
2018/9/17,BTC,6502.08,6535.81,6218.12,6254.27
2018/10/17,BTC,6576.38,6608.07,6511.64,6567.25
2018/11/17,BTC,5512.76,5601.87,5496.46,5562.52
2018/12/17,BTC,3257.64,3637.56,3240.9,3526.68
2019/1/17,BTC,3618.33,3694.74,3587.34,3672.57
2019/2/17,BTC,3624.16,3704.6,3608.19,3650.95
2019/3/17,BTC,4024.47,4029.39,3971.82,4003.04
2019/4/17,BTC,5212.54,5270.29,5193.66,5243.88
2019/5/17,BTC,7918.43,7942.24,6704.57,7264.88
2019/6/17,BTC,9041.2,9413.55,8969.73,9289.34
2019/7/17,BTC,9644.23,9974.82,9092.37,9824.56
2019/8/17,BTC,10447.7,10485.8,10015.9,10143
2019/9/17,BTC,10316.9,10353.4,10154.9,10225.4
2019/10/17,BTC,7988.52,8140.67,7949.65,8086.75
2019/11/17,BTC,8492.54,8636.73,8421.02,8555.82
2019/12/17,BTC,6906.22,6947.27,6596.57,6605.21
2020/1/17,BTC,8714.08,9003.43,8665.99,8924.98
2020/2/17,BTC,9875.03,9993.59,9485.68,9636.3
2020/3/17,BTC,4947.51,5561.43,4927.98,5464
2020/4/17,BTC,7081.09,7203.68,7006.2,7052.61
2020/5/17,BTC,9383.32,9883.98,9337.27,9761.77
2020/6/17,BTC,9506.29,9548.34,9247.23,9409.8
2020/7/17,BTC,9126.58,9181.93,9083.27,9154.51
2020/8/17,BTC,11861.5,12474.5,11776.1,12335
2020/9/17,BTC,11020.1,11046,10760.1,10962.5
2020/10/17,BTC,11344.6,11404.5,11272.4,11349.1
2020/11/17,BTC,16718.7,17852,16563.7,17604.1
2020/12/17,BTC,21389.5,23694.5,21235.8,22963.8
2021/1/17,BTC,36146.1,36856.6,33858.6,36214.2
2021/2/17,BTC,49131.7,52622.3,48968.9,52142.7
2021/3/17,BTC,56285.4,58956.3,54185.9,58356.6
2021/4/17,BTC,61826.4,62539.4,59725.6,60773.6
2021/5/17,BTC,45210.9,46637.1,42166.7,43547.6
2021/6/17,BTC,38767.1,39526.7,37398,37743.3
2021/7/17,BTC,31742.7,31950.8,31201.9,31728.6
2021/8/17,BTC,46069.5,47095.9,44593.1,44776.7
2021/9/17,BTC,47676.4,48166.7,46791.7,47246.8
2021/10/17,BTC,60677.5,61420.2,59083.8,60609.9
2021/11/17,BTC,60615.2,60830.9,58586.6,59992.1
2021/12/17,BTC,47830.9,48009.8,45498.7,46534
2022/1/17,BTC,43209.7,43280.3,41557.4,42094
2022/2/17,BTC,44032.5,44190.7,40097.2,40737
2022/3/17,BTC,40895.3,41483.8,40508.1,41008.3
2022/4/17,BTC,40518.4,40688.1,39837.3,40216.2
2022/5/17,BTC,30130.8,30718.6,29440.4,30512.1
2022/6/17,BTC,20435.1,21334.3,20218.9,20533.1
2022/7/17,BTC,21192.8,21658.9,20823.6,21016.7
2022/8/17,BTC,23951.8,24445.2,23184.2,23332.9
2022/9/17,BTC,19744.5,20189,19693.4,20034.5
2022/10/17,BTC,19149.3,19676.7,19119.7,19515.4
2022/11/17,BTC,16652.8,16750.3,16399.8,16697.2
2022/12/17,BTC,16727,16773.5,16532.6,16741.7
2023/1/17,BTC,21187,21595.2,20850.7,21234.1
2023/2/17,BTC,23997.9,25012.6,23347.1,24680.9
2023/3/17,BTC,25043.9,27827.2,24944.7,27750.1
2023/4/17,BTC,30406,30425.5,29260.8,29469.6
2023/5/17,BTC,27020.6,27506.8,26603.9,27378.6
2023/6/17,BTC,26289.5,26798.3,26163.7,26514.2
2023/7/17,BTC,30306.6,30375.9,29665.4,30249.1
2023/8/17,BTC,28897.2,28944.4,25156.3,26238.8
2023/9/17,BTC,26572.4,26628,26404.6,26491.3
2023/10/17,BTC,28435,28627.8,28081.5,28497.8
2023/11/17,BTC,36225.1,36772,35873.1,36552.4
2023/12/17,BTC,42277,42373.1,41532.4,41674.9
2024/1/17,BTC,43199.1,43277.8,42162.8,42679.4
2024/2/17,BTC,52017.9,52246.6,50645.3,51721.9
2024/3/17,BTC,66318.6,68862.1,64499.7,68201.1
2024/4/17,BTC,64019.9,64501.9,59677.6,61294.1
2024/5/17,BTC,65467.9,67473.8,65109.6,66846.6
2024/6/17,BTC,66471.8,67247.9,65074.6,66541.3
2024/7/17,BTC,64516.1,66140.2,63867.4,64323.8
2024/8/17,BTC,59033.8,59695.8,58739.7,59309.1
2024/9/17,BTC,57984.5,61323.5,57610,60338.8
2024/10/17,BTC,67556.9,67925.8,66640.3,67059.9
2024/11/17,BTC,90360,91438.1,88722,89567.6
2025/2/17,BTC,96876.5,97044.1,95210,95878.4
2016/7/1,DOGE,0.00029,0.000294,0.00029,0.000294
2016/8/1,DOGE,0.00025,0.00025,0.000249,0.000249
2016/9/1,DOGE,0.000245,0.000245,0.00023,0.000245
2016/10/1,DOGE,0.00024,0.00024,0.000238,0.000238
2016/11/1,DOGE,0.0002,0.000223,0.0002,0.000223
2016/12/1,DOGE,0.000223,0.000223,0.000221,0.000221
2017/1/1,DOGE,0.00023,0.00023,0.000227,0.000227
2017/2/1,DOGE,0.00021,0.00021,0.000206,0.000209
2017/3/1,DOGE,0.000202,0.000206,0.000198,0.000199
2017/4/1,DOGE,0.000339,0.000363,0.000321,0.000335
2017/5/1,DOGE,0.000726,0.00075,0.000579,0.000661
2017/6/1,DOGE,0.002421,0.002691,0.002418,0.002621
2017/7/1,DOGE,0.002555,0.002562,0.002173,0.002215
2017/8/1,DOGE,0.001647,0.001808,0.001594,0.00178
2017/9/1,DOGE,0.0021,0.0025,0.002048,0.002492
2017/10/1,DOGE,0.001168,0.001169,0.0009,0.001076
2017/11/1,DOGE,0.001147,0.00118,0.00109,0.001125
2017/12/1,DOGE,0.002053,0.00224,0.001971,0.002127
2018/1/1,DOGE,0.008927,0.00899,0.007961,0.008691
2018/2/1,DOGE,0.005885,0.006067,0.004808,0.005037
2018/3/1,DOGE,0.006172,0.006359,0.005989,0.006273
2018/4/1,DOGE,0.002854,0.002877,0.0027,0.002803
2018/5/1,DOGE,0.005279,0.005316,0.004966,0.00514
2018/6/1,DOGE,0.003444,0.003521,0.003362,0.003422
2018/7/1,DOGE,0.002574,0.002574,0.002447,0.002479
2018/8/1,DOGE,0.002969,0.003048,0.00292,0.003021
2018/9/1,DOGE,0.004,0.006489,0.004,0.005833
2018/10/1,DOGE,0.005969,0.0061,0.00588,0.005986
2018/11/1,DOGE,0.003932,0.004062,0.00379,0.003798
2018/12/1,DOGE,0.00213,0.002244,0.002107,0.002235
2019/1/1,DOGE,0.00236,0.002377,0.00233,0.002341
2019/2/1,DOGE,0.001922,0.001922,0.001837,0.001854
2019/3/1,DOGE,0.001976,0.00202,0.00196,0.002
2019/4/1,DOGE,0.002098,0.002614,0.002048,0.002406
2019/5/1,DOGE,0.002514,0.002546,0.002464,0.002525
2019/6/1,DOGE,0.00341,0.003517,0.003305,0.003438
2019/7/1,DOGE,0.003385,0.003385,0.003002,0.003281
2019/8/1,DOGE,0.002814,0.002936,0.00278,0.002917
2019/9/1,DOGE,0.002516,0.002542,0.002395,0.002428
2019/10/1,DOGE,0.002314,0.002542,0.002308,0.002415
2019/11/1,DOGE,0.002558,0.002645,0.00254,0.002585
2019/12/1,DOGE,0.002346,0.002351,0.002203,0.002295
2020/1/1,DOGE,0.002013,0.002106,0.001942,0.002019
2020/2/1,DOGE,0.002444,0.002456,0.002324,0.002437
2020/3/1,DOGE,0.002251,0.002363,0.002196,0.002313
2020/4/1,DOGE,0.001808,0.001849,0.001728,0.001785
2020/5/1,DOGE,0.002454,0.002597,0.002409,0.002477
2020/6/1,DOGE,0.002555,0.002616,0.002512,0.002606
2020/7/1,DOGE,0.002291,0.002418,0.002274,0.002311
2020/8/1,DOGE,0.003215,0.003813,0.003183,0.003629
2020/9/1,DOGE,0.003259,0.003374,0.003109,0.003247
2020/10/1,DOGE,0.00257,0.00273,0.00251,0.002648
2020/11/1,DOGE,0.002636,0.002639,0.002465,0.002603
2020/12/1,DOGE,0.003536,0.00358,0.003278,0.003361
2021/1/1,DOGE,0.004671,0.005511,0.004618,0.005426
2021/2/1,DOGE,0.03802,0.04373,0.03286,0.03471
2021/3/1,DOGE,0.04874,0.05175,0.04802,0.05048
2021/4/1,DOGE,0.05349,0.0702,0.05308,0.05941
2021/5/1,DOGE,0.3314,0.382,0.3287,0.3813
2021/6/1,DOGE,0.3247,0.3474,0.3123,0.3474
2021/7/1,DOGE,0.2501,0.259,0.2389,0.2467
2021/8/1,DOGE,0.2095,0.2178,0.2066,0.2102
2021/9/1,DOGE,0.2771,0.2924,0.2732,0.2902
2021/10/1,DOGE,0.2035,0.2249,0.2018,0.2244
2021/11/1,DOGE,0.278,0.2861,0.264,0.271
2021/12/1,DOGE,0.216685,0.219014,0.205938,0.208102
2022/1/1,DOGE,0.170017,0.173717,0.1697,0.172835
2022/2/1,DOGE,0.141571,0.144387,0.14087,0.142485
2022/3/1,DOGE,0.132453,0.138956,0.129752,0.13384
2022/4/1,DOGE,0.139242,0.142857,0.13224,0.141957
2022/5/1,DOGE,0.1311,0.136514,0.1241,0.1319
2022/6/1,DOGE,0.0860111,0.0893695,0.078993,0.0801478
2022/7/1,DOGE,0.0633838,0.0683248,0.0628345,0.0662071
2022/8/1,DOGE,0.069965,0.0712604,0.0668957,0.0680444
2022/9/1,DOGE,0.0621564,0.062623,0.059896,0.0621903
2022/10/1,DOGE,0.0612881,0.063098,0.06026,0.060767
2022/11/1,DOGE,0.124302,0.148671,0.124238,0.140166
2022/12/1,DOGE,0.108304,0.109538,0.100367,0.101771
2023/1/1,DOGE,0.0702269,0.0707791,0.0690413,0.0700521
2023/2/1,DOGE,0.0957276,0.0970919,0.0882309,0.0937956
2023/3/1,DOGE,0.0808972,0.0828466,0.0803122,0.0818206
2023/4/1,DOGE,0.0764243,0.083315,0.0759643,0.0816404
2023/5/1,DOGE,0.0799846,0.0801635,0.0774864,0.0787015
2023/6/1,DOGE,0.0714924,0.0722016,0.0707256,0.0718418
2023/7/1,DOGE,0.0657966,0.071257,0.065788,0.068629
2023/8/1,DOGE,0.0777858,0.0782424,0.0752737,0.0772416
2023/9/1,DOGE,0.0632108,0.0642027,0.062391,0.063516
2023/10/1,DOGE,0.0623215,0.0628679,0.0617262,0.0620258
2023/11/1,DOGE,0.0681496,0.0696717,0.0657201,0.0686433
2023/12/1,DOGE,0.0833332,0.085116,0.0822646,0.0836424
2024/1/1,DOGE,0.0889188,0.092124,0.088493,0.0916564
2024/2/1,DOGE,0.0788558,0.0798368,0.0773236,0.079177
2024/3/1,DOGE,0.116699,0.145702,0.116619,0.139758
2024/4/1,DOGE,0.218286,0.221174,0.197,0.204298
2024/5/1,DOGE,0.132098,0.134338,0.119906,0.128557
2024/6/1,DOGE,0.15966,0.161489,0.158188,0.160817
2024/7/1,DOGE,0.123018,0.127292,0.122718,0.124372
2024/8/1,DOGE,0.122236,0.12282,0.112192,0.117743
2024/9/1,DOGE,0.10166,0.101711,0.0968355,0.0981723
2024/10/1,DOGE,0.117822,0.119302,0.102581,0.107532
2024/11/1,DOGE,0.161765,0.16841,0.15407,0.157971
2024/12/1,DOGE,0.421509,0.449992,0.416667,0.442696
2025/2/1,DOGE,0.327635,0.332164,0.305097,0.307886
2025/3/1,DOGE,0.200689,0.208834,0.1992,0.206546
2020/8/21,DOT,2.913,3.011,2.82,2.957
2020/9/21,DOT,4.645,4.688,3.927,4.069
2020/10/21,DOT,3.907,4.257,3.898,4.142
2020/11/21,DOT,5.221,5.802,5.122,5.766
2020/12/21,DOT,5.186,5.445,4.782,4.87
2021/1/21,DOT,18,18.13,14.99,15.97
2021/2/21,DOT,38.94,40.55,38.05,39.58
2021/3/21,DOT,37.24,38.09,36.11,36.69
2021/4/21,DOT,35.48,36.27,33.07,33.78
2021/5/21,DOT,29.03,31.04,20.07,24.47
2021/6/21,DOT,20.63,20.81,15.38,15.74
2021/7/21,DOT,10.96,12.86,10.68,12.33
2021/8/21,DOT,28.14,29.38,27.52,27.88
2021/9/21,DOT,28.3,30.36,25.61,26.36
2021/10/21,DOT,44.41,45.53,41.99,42.84
2021/11/21,DOT,41.87,43.6,40.68,43.03
2021/12/21,DOT,24.0996,25.6002,23.7471,25.5702
2022/1/21,DOT,23.5647,23.5747,19.1157,19.6359
2022/2/21,DOT,17.1686,17.7471,16.1264,16.3282
2022/3/21,DOT,18.7575,19.0695,18.4274,18.7375
2022/4/21,DOT,19.1138,19.6839,18.4537,18.5518
2022/5/21,DOT,9.6584,10.0869,9.45864,9.86716
2022/6/21,DOT,7.71151,8.26338,7.62161,7.79142
2022/7/21,DOT,7.62798,7.62926,7.18552,7.52868
2022/8/21,DOT,7.18406,7.52117,7.17117,7.45918
2022/9/21,DOT,6.23752,6.57076,6.0225,6.0602
2022/10/21,DOT,5.87311,5.89957,5.73956,5.84037
2022/11/21,DOT,5.31297,5.31301,5.07425,5.20489
2022/12/21,DOT,4.60288,4.62159,4.4459,4.47292
2023/1/21,DOT,6.19041,6.46353,6.02133,6.27786
2023/2/21,DOT,7.5297,7.57211,7.12325,7.1987
2023/3/21,DOT,6.14876,6.47401,6.02802,6.36494
2023/4/21,DOT,6.09553,6.17109,5.78176,5.80726
2023/5/21,DOT,5.41567,5.43619,5.25543,5.28607
2023/6/21,DOT,4.6349,4.8601,4.61935,4.78684
2023/7/21,DOT,5.31852,5.70421,5.29985,5.48261
2023/8/21,DOT,4.50873,4.53676,4.36275,4.46813
2023/9/21,DOT,4.15065,4.16381,4.0006,4.00524
2023/10/21,DOT,3.72293,3.9788,3.70924,3.91262
2023/11/21,DOT,5.32327,5.34558,4.91027,5.0087
2023/12/21,DOT,6.92188,8.3602,6.8941,8.22256
2024/1/21,DOT,6.90593,6.9708,6.8248,6.82666
2024/2/21,DOT,7.81486,7.83064,7.23421,7.402
2024/3/21,DOT,9.31775,9.53357,9.06428,9.24817
2024/4/21,DOT,7.24987,7.29133,6.96636,7.15502
2024/5/21,DOT,7.52446,7.66832,7.43015,7.56596
2024/6/21,DOT,5.66827,5.73108,5.54786,5.59933
2024/7/21,DOT,6.32332,6.42218,6.10964,6.41608
2024/8/21,DOT,4.52835,4.74948,4.49358,4.68888
2024/9/21,DOT,4.30193,4.4511,4.28236,4.41884
2024/10/21,DOT,4.53986,4.61032,4.33229,4.39265
2024/11/21,DOT,5.73405,5.96389,5.4802,5.92096
2025/2/21,DOT,5.04091,5.33897,4.95026,5.08629
2015/8/7,ETH,3,3,3,3
2015/9/7,ETH,1.34,1.34,1.28,1.28
2015/10/7,ETH,0.6511,0.6511,0.6,0.6
2015/11/7,ETH,0.9899,0.9899,0.8647,0.93
2015/12/7,ETH,0.825,0.825,0.7829,0.79
2016/1/7,ETH,0.95,0.96,0.93,0.94
2016/2/7,ETH,2.53,3,2.51,3
2016/3/7,ETH,10.98,11.47,9.06,9.5
2016/4/7,ETH,10.79,10.8,9.9,10.08
2016/5/7,ETH,9.27,9.45,9.09,9.3
2016/6/7,ETH,13.96,14.55,13.77,14.41
2016/7/7,ETH,10.51,10.6,9.69,10.07
2016/8/7,ETH,10.95,11.13,10.76,10.98
2016/9/7,ETH,11.7,11.86,11.5,11.59
2016/10/7,ETH,12.87,13.08,12.5,12.68
2016/11/7,ETH,10.97,11.04,10.85,10.9
2016/12/7,ETH,7.61,8.55,7.39,8.35
2017/1/7,ETH,10.07,10.12,9.47,9.78
2017/2/7,ETH,11.32,11.55,11.26,11.45
2017/3/7,ETH,19.75,19.81,18.52,18.91
2017/4/7,ETH,43.23,44.58,41.58,42.31
2017/5/7,ETH,94.82,96.37,62.74,90.46
2017/6/7,ETH,264.26,264.8,246.17,255.77
2017/7/7,ETH,265.88,266.25,236.16,240.94
2017/8/7,ETH,264.56,274.39,257.41,269.94
2017/9/7,ETH,338.92,338.92,323.36,335.37
2017/10/7,ETH,308.33,314.12,304.63,311.26
2017/11/7,ETH,296.82,303.76,287.45,291.84
2017/12/7,ETH,422.39,434.85,404.16,421.15
2018/1/7,ETH,1006.41,1117.84,1003.21,1117.75
2018/2/7,ETH,773.83,857.84,718.93,792.31
2018/3/7,ETH,818.3,825.31,726.78,754.94
2018/4/7,ETH,370.53,395.12,366.52,391.06
2018/5/7,ETH,783.58,794.86,694.21,749.66
2018/6/7,ETH,606.46,615.98,598.95,601.65
2018/7/7,ETH,468.68,472.9,461.85,464.36
2018/8/7,ETH,401.42,410.19,369.31,377.54
2018/9/7,ETH,224.27,234.03,213.96,217.47
2018/10/7,ETH,224.79,225.75,221.22,223.93
2018/11/7,ETH,218.42,223.55,216.49,218.21
2018/12/7,ETH,93.72,97.7,82.09,94.22
2019/1/7,ETH,157.59,160.17,150.35,151.48
2019/2/7,ETH,105,106.01,103.8,104.5
2019/3/7,ETH,138.75,141.06,136.2,138.29
2019/4/7,ETH,165.7,176.88,164.94,174.28
2019/5/7,ETH,176.11,183.31,171.1,174.31
2019/6/7,ETH,243.06,254.12,242.58,248.97
2019/7/7,ETH,288.18,310.14,284.6,308.11
2019/8/7,ETH,223.96,231.06,221.02,224.99
2019/9/7,ETH,170.03,181.01,168.62,179.92
2019/10/7,ETH,171.67,182.76,168.78,179.59
2019/11/7,ETH,191.21,192.27,184.6,187.35
2019/12/7,ETH,149.05,149.87,147.62,148.23
2020/1/7,ETH,143.18,145.13,139.07,142.21
2020/2/7,ETH,211.22,224.12,210.86,221.89
2020/3/7,ETH,240.59,252.66,237.12,240.58
2020/4/7,ETH,166.22,176.34,162.72,167.38
2020/5/7,ETH,206.36,215.09,197.13,212.59
2020/6/7,ETH,242.59,243.95,235.12,242.06
2020/7/7,ETH,238.95,243.71,234.77,238.21
2020/8/7,ETH,395.61,398.29,365.76,379.46
2020/9/7,ETH,357.62,358.52,323.67,345.12
2020/10/7,ETH,339.2,342.7,333.38,340.01
2020/11/7,ETH,456.11,468.02,426.27,437.39
2020/12/7,ETH,593.54,603.66,584.93,591
2021/1/7,ETH,1180.31,1289.01,1156.04,1244.42
2021/2/7,ETH,1704.28,1704.94,1496.44,1599.61
2021/3/7,ETH,1666.09,1694.41,1634.38,1679.45
2021/4/7,ETH,2113.06,2128.4,1933.5,1996.36
2021/5/7,ETH,3520.06,3591.08,3362.11,3479.8
2021/6/7,ETH,2715.46,2846.46,2579.43,2613.25
2021/7/7,ETH,2287.89,2406.67,2285.99,2345.98
2021/8/7,ETH,2882.93,3172.06,2867.5,3074.71
2021/9/7,ETH,3957.2,3969.46,3186.46,3366.81
2021/10/7,ETH,3585.08,3654.94,3473.06,3636.4
2021/11/7,ETH,4506.24,4638.03,4504.86,4595.86
2021/12/7,ETH,4340.3,4430.1,4261.5,4269.1
2022/1/7,ETH,3429.66,3431.48,3091,3181.51
2022/2/7,ETH,2990.21,3188.67,2984.83,3153.86
2022/3/7,ETH,2629.41,2648.95,2445.55,2504.62
2022/4/7,ETH,3226.45,3269.31,3143.46,3219.2
2022/5/7,ETH,2688.55,2706.72,2630.92,2630.92
2022/6/7,ETH,1871.57,1874.23,1724.83,1839.71
2022/7/7,ETH,1160.89,1252.95,1160.31,1238.9
2022/8/7,ETH,1717.69,1729.74,1668.91,1717.74
2022/9/7,ETH,1584.68,1653.17,1490.86,1645.97
2022/10/7,ETH,1351.57,1361.9,1317.6,1333.67
2022/11/7,ETH,1601.71,1608.06,1545.21,1559.41
2022/12/7,ETH,1252.88,1277.24,1219.32,1230.39
2023/1/7,ETH,1269.27,1271.52,1261.04,1262.81
2023/2/7,ETH,1632.93,1678.33,1605.66,1665.43
2023/3/7,ETH,1569.3,1584.16,1537.59,1553.21
2023/4/7,ETH,1866,1883.47,1842.77,1858.16
2023/5/7,ETH,1898.93,1935.88,1891.54,1909.67
2023/6/7,ETH,1880.21,1898.04,1821.8,1822.64
2023/7/7,ETH,1875.88,1877.98,1826.47,1868.8
2023/8/7,ETH,1827.45,1844.41,1798.46,1823.66
2023/9/7,ETH,1631.56,1658.62,1622.43,1645.46
2023/10/7,ETH,1653.38,1655.82,1631.13,1634.59
2023/11/7,ETH,1903.82,1907.66,1850.74,1880.36
2023/12/7,ETH,2233.81,2383.27,2221.42,2350.73
2024/1/7,ETH,2238.78,2258.73,2209.73,2217.44
2024/2/7,ETH,2381.11,2443.58,2352.14,2425.07
2024/3/7,ETH,3815.33,3940.93,3736.95,3862.53
2024/4/7,ETH,3353.27,3420.26,3345.05,3399.26
2024/5/7,ETH,3084.58,3129.88,3021.81,3051.12
2024/6/7,ETH,3800.07,3838.92,3597.05,3688.93
2024/7/7,ETH,3057.48,3078.78,2939.8,2959.39
2024/8/7,ETH,2492.89,2551.47,2324.5,2360.77
2024/9/7,ETH,2216.62,2310.7,2206.03,2264.59
2024/10/7,ETH,2417.41,2520.22,2417.25,2454.03
2024/11/7,ETH,2737.14,2919.17,2701.33,2882.86
2024/12/7,ETH,4029.39,4032.38,3973.13,4002.99
2025/2/7,ETH,2699.8,2798.24,2564.01,2583.99
2025/3/7,ETH,2211.36,2250.9,2103,2143.68
2017/9/28,LINK,0.2497,0.347,0.1938,0.2437
2017/10/28,LINK,0.2216,0.222,0.1947,0.2047
2017/11/28,LINK,0.1889,0.1969,0.1735,0.1785
2017/12/28,LINK,0.4711,0.5224,0.432,0.508
2018/1/28,LINK,0.8136,0.8845,0.7536,0.7772
2018/2/28,LINK,0.7217,0.7362,0.6618,0.6857
2018/3/28,LINK,0.3521,0.3604,0.3367,0.3464
2018/4/28,LINK,0.454,0.4853,0.4498,0.4781
2018/5/28,LINK,0.3455,0.3519,0.3159,0.3161
2018/6/28,LINK,0.1714,0.1759,0.1678,0.1682
2018/7/28,LINK,0.2728,0.2871,0.2514,0.2834
2018/8/28,LINK,0.3304,0.3408,0.3249,0.3368
2018/9/28,LINK,0.3493,0.352,0.325,0.3381
2018/10/28,LINK,0.4448,0.4521,0.4313,0.4396
2018/11/28,LINK,0.2919,0.3526,0.2853,0.3291
2018/12/28,LINK,0.2753,0.3065,0.2655,0.2951
2019/1/28,LINK,0.4312,0.4343,0.3541,0.4099
2019/2/28,LINK,0.4239,0.4363,0.4193,0.4253
2019/3/28,LINK,0.4923,0.5097,0.486,0.5014
2019/4/28,LINK,0.446,0.4579,0.436,0.442
2019/5/28,LINK,1.24,1.35,1.15,1.3
2019/6/28,LINK,2.265,2.919,2.163,2.881
2019/7/28,LINK,2.262,2.279,2.176,2.185
2019/8/28,LINK,2.089,2.125,1.87,1.925
2019/9/28,LINK,1.656,1.703,1.631,1.677
2019/10/28,LINK,2.679,2.888,2.66,2.716
2019/11/28,LINK,2.218,2.329,2.18,2.254
2019/12/28,LINK,1.87,1.895,1.856,1.886
2020/1/28,LINK,2.596,2.669,2.577,2.636
2020/2/28,LINK,3.98,4.228,3.77,4.213
2020/3/28,LINK,2.253,2.255,2.034,2.125
2020/4/28,LINK,3.588,3.744,3.561,3.628
2020/5/28,LINK,3.835,3.959,3.828,3.919
2020/6/28,LINK,4.475,4.619,4.33,4.543
2020/7/28,LINK,6.914,7.413,6.878,7.199
2020/8/28,LINK,14.57,15.5,14.26,15
2020/9/28,LINK,10.63,11.05,10.33,10.65
2020/10/28,LINK,12,12.15,11.17,11.36
2020/11/28,LINK,12.37,13.43,12.36,13.13
2020/12/28,LINK,12.24,12.92,11.97,12.55
2021/1/28,LINK,20.93,24.48,20.54,23.44
2021/2/28,LINK,26.1,26.76,22.94,24.71
2021/3/28,LINK,27.08,27.65,26.12,26.4
2021/4/28,LINK,37.01,37.82,35.04,36.34
2021/5/28,LINK,32.54,32.59,26.92,27.49
2021/6/28,LINK,16.85,19.41,16.83,19.26
2021/7/28,LINK,19.11,19.99,18.63,19.1
2021/8/28,LINK,25.94,26.19,25.4,25.7
2021/9/28,LINK,23.59,23.8,22.19,22.63
2021/10/28,LINK,29.47,30.84,28.68,30.1
2021/11/28,LINK,24.3605,24.5865,22.857,24.1491
2021/12/28,LINK,23.437,23.4547,20.3441,20.6741
2022/1/28,LINK,14.8759,16.2849,14.7444,15.9332
2022/2/28,LINK,13.7155,15.1476,13.3367,14.896
2022/3/28,LINK,16.615,17.3752,16.5266,16.9468
2022/4/28,LINK,12.7013,12.9913,12.4,12.6313
2022/5/28,LINK,6.33366,6.58315,6.19157,6.46243
2022/6/28,LINK,6.53418,7.25339,6.29446,6.50193
2022/7/28,LINK,6.74542,7.28688,6.6865,7.21024
2022/8/28,LINK,6.49203,6.62923,6.41575,6.4584
2022/9/28,LINK,7.92871,8.5344,7.80682,7.8314
2022/10/28,LINK,6.93372,7.20124,6.83097,7.08912
2022/11/28,LINK,7.09366,7.34094,6.5347,7.19856
2022/12/28,LINK,5.8885,5.91056,5.62652,5.64535
2023/1/28,LINK,7.31449,7.5059,7.12268,7.18184
2023/2/28,LINK,7.26094,7.42355,7.09939,7.2496
2023/3/28,LINK,6.85192,7.04583,6.75447,6.9156
2023/4/28,LINK,7.16196,7.18933,6.95439,7.04702
2023/5/28,LINK,6.41687,6.5971,6.41522,6.54681
2023/6/28,LINK,6.21308,6.22502,5.7078,5.83184
2023/7/28,LINK,7.95775,8.08772,7.78603,7.82927
2023/8/28,LINK,6.01891,6.03634,5.85599,5.92408
2023/9/28,LINK,7.64074,8.04537,7.5704,7.84344
2023/10/28,LINK,11.2413,11.6454,10.9354,11.0616
2023/11/28,LINK,14.0683,14.7167,13.7839,14.4904
2023/12/28,LINK,16.6358,17.6584,15.9963,16.1517
2024/1/28,LINK,14.3718,14.6939,14.2054,14.3321
2024/2/28,LINK,19.1486,20.7909,18.456,19.1736
2024/3/28,LINK,19.3762,19.7898,19.033,19.2275
2024/4/28,LINK,14.1762,14.437,13.9983,14.0123
2024/5/28,LINK,18.7217,18.8239,17.8531,18.4675
2024/6/28,LINK,14.3251,14.5779,13.8471,13.8696
2024/7/28,LINK,13.6583,13.7292,13.1981,13.2676
2024/8/28,LINK,11.291,11.702,10.955,11.2318
2024/9/28,LINK,12.6376,12.9726,12.3727,12.8179
2024/10/28,LINK,11.0234,11.2504,10.6929,11.2039
2024/11/28,LINK,18.7369,19.0098,17.4957,18.0212
2025/1/28,LINK,24.1347,24.5417,22.4989,22.7318
2025/2/28,LINK,15.0703,15.196,13.437,14.7072
2013/10/24,LTC,3,3,3,3
2013/11/24,LTC,12.8,13.8,10,10
2013/12/24,LTC,17.2,18,17.2,18
2014/1/24,LTC,22.3,22.89,20.5,21.05
2014/2/24,LTC,15,15.93,14.21,15.22
2014/3/24,LTC,15.49,17.28,15.27,16.12
2014/4/24,LTC,12.18,12.88,12.08,12.88
2014/5/24,LTC,11,11,10.75,10.75
2014/6/24,LTC,9.5,9.5,9.5,9.5
2014/7/24,LTC,8.93,8.93,8,8.25
2014/8/24,LTC,4.79,5.63,4.78,5.43
2014/9/24,LTC,4.81,4.82,4.65,4.69
2014/10/24,LTC,3.74,3.78,3.72,3.73
2014/11/24,LTC,3.58,3.7,3.56,3.63
2014/12/24,LTC,2.88,2.88,2.72,2.74
2015/1/24,LTC,1.43,1.88,1.41,1.86
2015/2/24,LTC,1.81,1.84,1.8,1.82
2015/3/24,LTC,1.77,1.78,1.64,1.64
2015/4/24,LTC,1.45,1.46,1.41,1.42
2015/5/24,LTC,1.78,1.84,1.77,1.81
2015/6/24,LTC,2.96,2.97,2.76,2.8
2015/7/24,LTC,3.75,4.77,3.71,4.6
2015/8/24,LTC,3.35,3.37,2.86,2.92
2015/9/24,LTC,2.85,2.93,2.83,2.9
2015/10/24,LTC,3.08,3.11,3.06,3.09
2015/11/24,LTC,3.11,3.12,3.06,3.1
2015/12/24,LTC,3.55,3.66,3.55,3.61
2016/1/24,LTC,3.11,3.22,3.07,3.17
2016/2/24,LTC,3.38,3.41,3.29,3.35
2016/3/24,LTC,3.22,3.25,3.16,3.18
2016/4/24,LTC,3.34,3.59,3.29,3.57
2016/5/24,LTC,3.97,4.01,3.92,3.94
2016/6/24,LTC,3.78,4.34,3.74,4.15
2016/7/24,LTC,4.04,4.07,4,4.05
2016/8/24,LTC,3.94,3.96,3.79,3.84
2016/9/24,LTC,3.81,3.86,3.79,3.8
2016/10/24,LTC,3.88,3.91,3.83,3.84
2016/11/24,LTC,3.9,3.92,3.83,3.86
2016/12/24,LTC,4.41,4.68,4.25,4.38
2017/1/24,LTC,3.82,3.83,3.74,3.75
2017/2/24,LTC,3.8,3.91,3.72,3.87
2017/3/24,LTC,4.02,4.37,3.98,4.18
2017/4/24,LTC,15.15,15.31,14.13,14.87
2017/5/24,LTC,31.36,35.94,29.85,34.8
2017/6/24,LTC,46,46.09,42.04,42.7
2017/7/24,LTC,44.67,45.28,43.85,44.77
2017/8/24,LTC,53.44,53.58,50.34,50.36
2017/9/24,LTC,49.29,49.4,47.18,47.5
2017/10/24,LTC,54.63,58.98,52.35,55.56
2017/11/24,LTC,72.97,77.61,72.34,77.54
2017/12/24,LTC,283.69,285.4,244.14,272.24
2018/1/24,LTC,177.91,184.7,172.42,180.59
2018/2/24,LTC,208.78,218.4,194.87,202.27
2018/3/24,LTC,164.2,169.66,160.41,160.74
2018/4/24,LTC,151.78,165.75,151.78,164.25
2018/5/24,LTC,122.01,124.96,115.14,122.17
2018/6/24,LTC,84.3,84.7,73.43,81.17
2018/7/24,LTC,81.82,88.96,80.84,88.47
2018/8/24,LTC,57.07,58.28,55.66,58.12
2018/9/24,LTC,60.57,61.78,57.18,58.42
2018/10/24,LTC,52.63,53.08,52.18,52.32
2018/11/24,LTC,32.35,33.34,28.33,28.69
2018/12/24,LTC,33.79,36.94,32.98,34.69
2019/1/24,LTC,31.92,33.22,31.29,32.9
2019/2/24,LTC,51.84,53.98,43.01,44.83
2019/3/24,LTC,60.99,61.19,59.23,59.84
2019/4/24,LTC,76.59,76.64,70.76,72.47
2019/5/24,LTC,89.05,103.86,88.42,101.72
2019/6/24,LTC,137.9,138.6,132.41,134.41
2019/7/24,LTC,92.92,97.24,87.09,94.51
2019/8/24,LTC,75.19,75.66,71.74,73.04
2019/9/24,LTC,66.85,67.34,55.93,57.42
2019/10/24,LTC,49.24,50.39,48.51,49.73
2019/11/24,LTC,48.1,48.44,43.81,45.35
2019/12/24,LTC,40.66,41.15,39.83,40.57
2020/1/24,LTC,54.15,55.35,50.7,54.63
2020/2/24,LTC,79.38,80.11,71.87,75.13
2020/3/24,LTC,38.82,40.84,38.41,40.71
2020/4/24,LTC,43.5,44.95,42.76,44.56
2020/5/24,LTC,44.17,44.53,42.53,43.25
2020/6/24,LTC,44.26,44.62,42.15,42.58
2020/7/24,LTC,45.08,45.15,44.01,44.64
2020/8/24,LTC,60.92,62.98,60.01,62.03
2020/9/24,LTC,43.34,45.15,42.63,44.73
2020/10/24,LTC,55.62,59.63,54.93,58.66
2020/11/24,LTC,88.55,93.9,86.4,88.42
2020/12/24,LTC,103.98,110.21,98.91,110.21
2021/1/24,LTC,137.3,142.61,134.01,139.51
2021/2/24,LTC,175.45,189.48,169.17,177.4
2021/3/24,LTC,184.69,196.96,172.58,177.74
2021/4/24,LTC,232.55,241.71,221.3,230.55
2021/5/24,LTC,143.32,182.97,139.74,177.8
2021/6/24,LTC,127.13,137.27,123.85,134.52
2021/7/24,LTC,120.5,127.72,120.5,124.84
2021/8/24,LTC,186.54,188.53,172.67,175.12
2021/9/24,LTC,162.55,166.07,142.16,151.62
2021/10/24,LTC,194.98,199.71,185.45,189.93
2021/11/24,LTC,213.86,218.87,206.18,212.13
2021/12/24,LTC,162.865,166.867,160.58,161.697
2022/1/24,LTC,108.422,112.823,97.7195,108.933
2022/2/24,LTC,107.464,109.065,91.5366,102.741
2022/3/24,LTC,121.849,127.464,120.148,126.351
2022/4/24,LTC,106.411,106.621,103.71,105.321
2022/5/24,LTC,70.4083,70.5082,66.9263,70.4083
2022/6/24,LTC,55.1648,57.2627,54.3616,56.1062
2022/7/24,LTC,55.7306,59.729,55.7256,59.3513
2022/8/24,LTC,56.9643,57.6729,55.5683,56.9251
2022/9/24,LTC,54.2546,55.95,54.2462,54.4544
2022/10/24,LTC,53.2764,54.2043,52.1142,52.4521
2022/11/24,LTC,79.6523,79.7522,75.0564,77.8645
2022/12/24,LTC,65.5434,66.0454,65.0541,65.6554
2023/1/24,LTC,90.4036,91.4565,86.4738,86.7417
2023/2/24,LTC,94.3541,95.2633,90.1635,91.0091
2023/3/24,LTC,93.4239,96.1097,89.18,92.6627
2023/4/24,LTC,86.1743,89.0062,85.6509,88.2018
2023/5/24,LTC,90.9755,91.8973,84.7141,85.7949
2023/6/24,LTC,90.8035,93.8444,86.3958,88.6058
2023/7/24,LTC,92.2581,93.4253,87.5581,88.9193
2023/8/24,LTC,65.2276,65.8748,63.8774,64.5071
2023/9/24,LTC,65.0045,65.1059,63.9896,64.3226
2023/10/24,LTC,67.5351,72.8166,67.4551,68.7617
2023/11/24,LTC,69.5897,71.7909,69.4439,70.6057
2023/12/24,LTC,72.2454,72.9721,70.0483,70.876
2024/1/24,LTC,64.9521,66.1924,64.8326,65.7958
2024/2/24,LTC,68.7404,70.6544,68.2704,70.45
2024/3/24,LTC,86.37,90.73,85.1617,89.7146
2024/4/24,LTC,85.1283,87.703,83.3258,84.2324
2024/5/24,LTC,85.1363,86.432,83.984,85.1398
2024/6/24,LTC,74.1988,74.1988,67.646,69.3393
2024/7/24,LTC,71.9886,73.6696,70.7522,71.5378
2024/8/24,LTC,66.4625,68.0097,65.4753,66.1832
2024/9/24,LTC,67.0866,67.2273,65.6941,66.3967
2024/10/24,LTC,69.3264,71.2786,69.2256,70.8368
2024/11/24,LTC,99.0869,103.244,91.7599,97.3773
2025/2/24,LTC,128.559,130.481,112.322,113.553
2020/4/15,MANA,0.02638,0.02746,0.02611,0.02711
2020/5/15,MANA,0.03706,0.03889,0.03539,0.03606
2020/6/15,MANA,0.04128,0.04169,0.03691,0.03992
2020/7/15,MANA,0.0404,0.04124,0.03932,0.03962
2020/8/15,MANA,0.09348,0.1015,0.09333,0.0971
2020/9/15,MANA,0.08361,0.08385,0.07925,0.07991
2020/10/15,MANA,0.07536,0.07778,0.07392,0.07502
2020/11/15,MANA,0.07959,0.08268,0.07665,0.07727
2020/12/15,MANA,0.08652,0.09163,0.08581,0.08623
2021/1/15,MANA,0.1098,0.1142,0.09912,0.1055
2021/2/15,MANA,0.3204,0.3247,0.2634,0.307
2021/3/15,MANA,1.053,1.142,0.9348,1.059
2021/4/15,MANA,1.051,1.273,1.051,1.222
2021/5/15,MANA,1.279,1.308,1.198,1.233
2021/6/15,MANA,0.7067,0.7372,0.6913,0.71
2021/7/15,MANA,0.7027,0.7588,0.6416,0.6601
2021/8/15,MANA,0.8315,0.845,0.8,0.8344
2021/9/15,MANA,0.8332,0.8596,0.8285,0.8579
2021/10/15,MANA,0.776,0.7766,0.7372,0.7563
2021/11/15,MANA,3.266,3.499,3.163,3.241
2021/12/15,MANA,3.158,3.41205,2.93357,3.29217
2022/1/15,MANA,2.95229,3.06003,2.91547,2.9932
2022/2/15,MANA,2.84791,3.26226,2.83392,3.25405
2022/3/15,MANA,2.29086,2.32516,2.22855,2.27538
2022/4/15,MANA,2.13441,2.15433,2.10312,2.13843
2022/5/15,MANA,1.18294,1.35953,1.16317,1.28905
2022/6/15,MANA,0.789152,0.89104,0.753217,0.881376
2022/7/15,MANA,0.829002,0.874188,0.824305,0.849945
2022/8/15,MANA,1.06923,1.11553,1.03495,1.06317
2022/9/15,MANA,0.741835,0.749322,0.709678,0.723875
2022/10/15,MANA,0.619035,0.656702,0.614441,0.643352
2022/11/15,MANA,0.440247,0.460759,0.433039,0.445784
2022/12/15,MANA,0.382587,0.38283,0.371144,0.375305
2023/1/15,MANA,0.59291,0.719583,0.552333,0.693371
2023/2/15,MANA,0.671589,0.730247,0.658864,0.724168
2023/3/15,MANA,0.609792,0.624594,0.545124,0.556126
2023/4/15,MANA,0.634947,0.64861,0.627938,0.630541
2023/5/15,MANA,0.454993,0.475005,0.449845,0.47138
2023/6/15,MANA,0.331214,0.337349,0.322195,0.336277
2023/7/15,MANA,0.40923,0.425083,0.404083,0.416795
2023/8/15,MANA,0.364351,0.366866,0.3303,0.345173
2023/9/15,MANA,0.289731,0.296274,0.287047,0.293941
2023/10/15,MANA,0.284633,0.289036,0.282642,0.286141
2023/11/15,MANA,0.42658,0.45423,0.420485,0.450854
2023/12/15,MANA,0.514452,0.517062,0.485759,0.491934
2024/1/15,MANA,0.452363,0.460591,0.444033,0.452204
2024/2/15,MANA,0.487493,0.505224,0.482536,0.500885
2024/3/15,MANA,0.740933,0.748928,0.647938,0.671507
2024/4/15,MANA,0.421997,0.466354,0.41258,0.421142
2024/5/15,MANA,0.403645,0.435797,0.397883,0.431985
2024/6/15,MANA,0.383162,0.39279,0.381041,0.387849
2024/7/15,MANA,0.338692,0.356744,0.338345,0.354147
2024/8/15,MANA,0.273405,0.28332,0.265533,0.266728
2024/9/15,MANA,0.274329,0.278916,0.27001,0.270883
2024/10/15,MANA,0.308234,0.311433,0.293704,0.301145
2024/11/15,MANA,0.332317,0.348073,0.319743,0.346524
2025/2/15,MANA,0.336634,0.342544,0.324443,0.327503
2019/4/30,MATIC,0.003667,0.005137,0.003667,0.004441
2019/5/30,MATIC,0.02218,0.02218,0.01879,0.01978
2019/6/30,MATIC,0.02412,0.02445,0.021,0.02218
2019/7/30,MATIC,0.01141,0.01161,0.01123,0.01151
2019/8/30,MATIC,0.01168,0.01246,0.01168,0.01227
2019/9/30,MATIC,0.01097,0.01147,0.01056,0.01089
2019/10/30,MATIC,0.01415,0.01415,0.0132,0.01348
2019/11/30,MATIC,0.02455,0.02938,0.02362,0.02908
2019/12/30,MATIC,0.01472,0.01476,0.01418,0.01432
2020/1/30,MATIC,0.01709,0.01891,0.01709,0.01853
2020/2/29,MATIC,0.02023,0.02094,0.01948,0.02025
2020/3/29,MATIC,0.01069,0.01069,0.009882,0.01
2020/4/29,MATIC,0.01555,0.01699,0.01546,0.0165
2020/5/29,MATIC,0.02539,0.02689,0.02473,0.02554
2020/6/29,MATIC,0.02007,0.02045,0.01895,0.01981
2020/7/29,MATIC,0.02061,0.02098,0.02009,0.02044
2020/8/29,MATIC,0.02668,0.02863,0.02647,0.02798
2020/9/29,MATIC,0.0196,0.02004,0.01856,0.01939
2020/10/29,MATIC,0.01499,0.01543,0.01367,0.01368
2020/11/29,MATIC,0.01884,0.01901,0.01825,0.01871
2020/12/29,MATIC,0.01884,0.01909,0.01774,0.01807
2021/1/29,MATIC,0.03979,0.04341,0.03746,0.04185
2021/2/28,MATIC,0.1921,0.2277,0.1733,0.2231
2021/3/28,MATIC,0.3379,0.3552,0.3285,0.3358
2021/4/28,MATIC,0.7101,0.8919,0.6761,0.83
2021/5/28,MATIC,2.089,2.1,1.669,1.778
2021/6/28,MATIC,1.051,1.165,1.05,1.147
2021/7/28,MATIC,1.027,1.058,0.9934,1.015
2021/8/28,MATIC,1.516,1.53,1.444,1.465
2021/9/28,MATIC,1.11,1.113,1.049,1.071
2021/10/28,MATIC,1.836,2.082,1.756,2.039
2021/11/28,MATIC,1.6223,1.6664,1.5077,1.6216
2021/12/28,MATIC,2.75383,2.76583,2.44624,2.5135
2022/1/28,MATIC,1.56863,1.70151,1.56347,1.66633
2022/2/28,MATIC,1.46158,1.61681,1.42357,1.58063
2022/3/28,MATIC,1.6835,1.7457,1.67534,1.70168
2022/4/28,MATIC,1.25813,1.28013,1.227,1.23512
2022/5/28,MATIC,0.578434,0.595959,0.56804,0.584457
2022/6/28,MATIC,0.534227,0.57405,0.506378,0.520354
2022/7/28,MATIC,0.870409,0.975134,0.847819,0.944589
2022/8/28,MATIC,0.795616,0.832942,0.792516,0.8129
2022/9/28,MATIC,0.740777,0.75447,0.712254,0.750674
2022/10/28,MATIC,0.911255,0.94668,0.894845,0.938888
2022/11/28,MATIC,0.860549,0.860856,0.803766,0.821588
2022/12/28,MATIC,0.806684,0.807992,0.774835,0.780287
2023/1/28,MATIC,1.15109,1.16926,1.09308,1.14142
2023/2/28,MATIC,1.23506,1.2438,1.18098,1.2013
2023/3/28,MATIC,1.04659,1.10359,1.03508,1.08362
2023/4/28,MATIC,1.01353,1.01651,0.98032,0.99877
2023/5/28,MATIC,0.917746,0.938416,0.917574,0.936614
2023/6/28,MATIC,0.67022,0.671468,0.601125,0.618588
2023/7/28,MATIC,0.716006,0.721335,0.70478,0.710585
2023/8/28,MATIC,0.554634,0.566953,0.545113,0.558014
2023/9/28,MATIC,0.501945,0.523191,0.501696,0.518091
2023/10/28,MATIC,0.611415,0.626959,0.606634,0.624243
2023/11/28,MATIC,0.738616,0.758563,0.727264,0.749533
2023/12/28,MATIC,1.03904,1.06985,0.9868,1.00063
2024/1/28,MATIC,0.784399,0.810051,0.781114,0.785275
2024/2/28,MATIC,1.03108,1.0698,0.96504,1.00818
2024/3/28,MATIC,1.01423,1.02554,0.995313,1.00571
2024/4/28,MATIC,0.732939,0.749474,0.724864,0.737158
2024/5/28,MATIC,0.746838,0.749385,0.721874,0.733729
2024/6/28,MATIC,0.569137,0.570695,0.552838,0.555493
2024/7/28,MATIC,0.520651,0.521451,0.504886,0.508155
2024/8/28,MATIC,0.476486,0.476699,0.425359,0.437805
2024/9/28,MATIC,0.4331,0.4375,0.4176,0.4226
2024/10/28,MATIC,0.3294,0.3309,0.3126,0.3266
2024/11/28,MATIC,0.5803,0.5846,0.5478,0.5658
2025/1/28,MATIC,0.4153,0.4182,0.3858,0.3906
2025/2/28,MATIC,0.275,0.2774,0.2548,0.271
2020/10/15,NEAR,1.11,1.221,1.102,1.122
2020/11/15,NEAR,0.8675,0.8876,0.7986,0.8304
2020/12/15,NEAR,0.9933,1.019,0.9769,1.007
2021/1/15,NEAR,1.722,1.914,1.696,1.832
2021/2/15,NEAR,4.317,4.386,3.504,4.022
2021/3/15,NEAR,6.615,6.857,5.87,5.9
2021/4/15,NEAR,6.349,6.903,6.257,6.526
2021/5/15,NEAR,5.745,7.343,5.63,5.956
2021/6/15,NEAR,3.217,3.319,3.167,3.219
2021/7/15,NEAR,1.993,2.024,1.858,1.925
2021/8/15,NEAR,3.247,3.277,3.025,3.231
2021/9/15,NEAR,8.611,9.663,8.545,9.241
2021/10/15,NEAR,8.045,8.277,7.64,7.868
2021/11/15,NEAR,11.86,11.97,11.04,11.07
2021/12/15,NEAR,9.3081,16.9515,9.06353,9.82189
2022/1/15,NEAR,20.036,20.5722,19.0586,19.3227
2022/2/15,NEAR,10.5333,11.5229,10.4632,11.2678
2022/3/15,NEAR,10.002,10.398,9.83198,10.154
2022/4/15,NEAR,16.2956,16.5663,15.6666,15.8722
2022/5/15,NEAR,6.52685,7.30922,6.48391,7.19463
2022/6/15,NEAR,3.25309,3.58875,3.03353,3.57922
2022/7/15,NEAR,3.48051,3.63232,3.43244,3.51475
2022/8/15,NEAR,5.60868,5.82051,5.37491,5.4163
2022/9/15,NEAR,4.52113,4.547,4.19808,4.23758
2022/10/15,NEAR,2.96712,3.01812,2.95618,2.96415
2022/11/15,NEAR,1.93409,2.04216,1.9283,1.96903
2022/12/15,NEAR,1.66912,1.66917,1.58932,1.59832
2023/1/15,NEAR,2.21711,2.28939,2.10629,2.23965
2023/2/15,NEAR,2.23589,2.48935,2.20679,2.46147
2023/3/15,NEAR,2.12334,2.16198,1.87227,1.92927
2023/4/15,NEAR,2.20901,2.40858,2.17614,2.30557
2023/5/15,NEAR,1.65469,1.70636,1.63678,1.66807
2023/6/15,NEAR,1.16999,1.22285,1.15828,1.1996
2023/7/15,NEAR,1.47062,1.52666,1.46045,1.48555
2023/8/15,NEAR,1.33356,1.34071,1.22247,1.27889
2023/9/15,NEAR,1.10421,1.12358,1.09687,1.11947
2023/10/15,NEAR,1.01084,1.033,1.00758,1.02694
2023/11/15,NEAR,1.54822,1.73835,1.53323,1.71182
2023/12/15,NEAR,2.31137,2.35033,2.19482,2.2262
2024/1/15,NEAR,3.38238,3.4218,3.24105,3.255
2024/2/15,NEAR,3.32008,3.41203,3.26751,3.31088
2024/3/15,NEAR,8.562,9.00106,7.07078,7.40774
2024/4/15,NEAR,5.31159,5.86216,4.9965,5.23589
2024/5/15,NEAR,7.02347,8.005,6.8909,7.9627
2024/6/15,NEAR,5.60108,5.69447,5.50869,5.59881
2024/7/15,NEAR,5.40795,5.86093,5.3645,5.83091
2024/8/15,NEAR,4.14337,4.249,3.93439,3.96875
2024/9/15,NEAR,4.18179,4.26181,4.04053,4.06804
2024/10/15,NEAR,5.0082,5.27647,4.86968,4.98075
2024/11/15,NEAR,5.45365,5.67462,5.17948,5.62763
2025/2/15,NEAR,3.5216,3.60929,3.37637,3.39324
2020/4/10,SOL,0.8198,1.33,0.7289,0.9496
2020/5/10,SOL,0.6037,0.6201,0.5347,0.5413
2020/6/10,SOL,0.6575,0.6642,0.6279,0.6396
2020/7/10,SOL,0.8491,0.9779,0.8491,0.9133
2020/8/10,SOL,2.663,3.397,2.498,3.12
2020/9/10,SOL,3.604,3.879,3.307,3.479
2020/10/10,SOL,2.535,2.608,2.39,2.402
2020/11/10,SOL,2.03,2.327,2.01,2.268
2020/12/10,SOL,1.659,1.666,1.54,1.569
2021/1/10,SOL,3.391,3.74,3.156,3.445
2021/2/10,SOL,7.811,9.096,7.297,9.096
2021/3/10,SOL,14.85,15.22,14.07,14.24
2021/4/10,SOL,27.61,28.26,25.92,26.8
2021/5/10,SOL,44.38,45.9,39.44,42.91
2021/6/10,SOL,42.03,43.07,39.49,41.1
2021/7/10,SOL,33.29,34.19,31.05,31.7
2021/8/10,SOL,38.71,41.64,38.22,40.64
2021/9/10,SOL,187.7,197.27,168.1,179.5
2021/10/10,SOL,156.82,158.49,145.84,147.67
2021/11/10,SOL,239.03,248.09,218.64,233.62
2021/12/10,SOL,183.378,184.495,169.9,171.152
2022/1/10,SOL,141.54,143.74,130.21,134.98
2022/2/10,SOL,115.087,115.391,105.845,108.126
2022/3/10,SOL,87.9476,88.8389,80.7923,83.4534
2022/4/10,SOL,110.293,116.065,109.802,112.753
2022/5/10,SOL,66.0468,73.9852,60.4219,63.8345
2022/6/10,SOL,39.9164,40.8669,36.963,37.8016
2022/7/10,SOL,38.3078,38.4764,36.2433,37.1838
2022/8/10,SOL,40.5755,42.8796,39.1832,42.3392
2022/9/10,SOL,34.6121,35.175,34.2852,34.6718
2022/10/10,SOL,32.9406,33.4488,32.27,32.3866
2022/11/10,SOL,14.1303,20.4138,13.6147,18.0027
2022/12/10,SOL,13.5603,13.69,13.5508,13.5896
2023/1/10,SOL,16.3287,16.7213,15.5963,16.2563
2023/2/10,SOL,20.2221,21.1871,19.6946,20.061
2023/3/10,SOL,17.1836,18.3287,16.0326,18.1742
2023/4/10,SOL,20.3878,20.7448,20.09,20.7061
2023/5/10,SOL,20.6002,21.3255,19.979,20.9189
2023/6/10,SOL,17.5795,17.6471,12.7783,15.5439
2023/7/10,SOL,21.1115,21.7944,20.4999,21.3692
2023/8/10,SOL,24.3019,24.8467,24.1175,24.663
2023/9/10,SOL,19.4433,19.5279,17.826,18.4471
2023/10/10,SOL,22.1463,22.4726,21.6982,22.0623
2023/11/10,SOL,45.4114,57.0272,44.9875,56.7445
2023/12/10,SOL,73.9892,74.6232,70.6927,74.0099
2024/1/10,SOL,99.5508,104.36,92.2719,103.32
2024/2/10,SOL,107.946,110.91,106.786,109.338
2024/3/10,SOL,145.283,148.73,140.736,141.981
2024/4/10,SOL,174.039,174.143,162.585,172.645
2024/5/10,SOL,150.526,155.658,145.314,146.174
2024/6/10,SOL,161.736,163.137,157.574,159.507
2024/7/10,SOL,142.486,146.166,138.614,141.149
2024/8/10,SOL,154.248,158.58,152.512,154.979
2024/9/10,SOL,135.298,137.975,132.556,135.361
2024/10/10,SOL,139.867,140.672,135.357,138.43
2024/11/10,SOL,200,215.442,198.829,210.618
2025/2/10,SOL,197.484,209.049,196.934,200.124
2025/3/10,SOL,126.734,131.421,115.439,118.977
2017/1/17,XLM,0.002251,0.002251,0.002251,0.002251
2017/2/17,XLM,0.002164,0.002361,0.002164,0.002361
2017/3/17,XLM,0.001691,0.001977,0.001673,0.001768
2017/4/17,XLM,0.003623,0.003799,0.003321,0.003531
2017/5/17,XLM,0.05,0.0585,0.04,0.04898
2017/6/17,XLM,0.03656,0.04077,0.03514,0.03988
2017/7/17,XLM,0.01565,0.01898,0.01549,0.0186
2017/8/17,XLM,0.01774,0.01818,0.01684,0.01728
2017/9/17,XLM,0.01188,0.01188,0.01,0.01123
2017/10/17,XLM,0.036,0.04789,0.03463,0.0461
2017/11/17,XLM,0.03707,0.0374,0.0346,0.03578
2017/12/17,XLM,0.2339,0.299,0.2237,0.263
2018/1/17,XLM,0.43,0.5044,0.3005,0.471
2018/2/17,XLM,0.4515,0.4767,0.4438,0.465
2018/3/17,XLM,0.2363,0.2363,0.1987,0.2095
2018/4/17,XLM,0.2821,0.32,0.2796,0.3028
2018/5/17,XLM,0.3273,0.3405,0.3093,0.3093
2018/6/17,XLM,0.2313,0.2346,0.2274,0.2324
2018/7/17,XLM,0.2333,0.2551,0.2287,0.2542
2018/8/17,XLM,0.2129,0.2339,0.2127,0.2323
2018/9/17,XLM,0.2075,0.2088,0.1949,0.196
2018/10/17,XLM,0.2334,0.248,0.23,0.2451
2018/11/17,XLM,0.2346,0.2468,0.2323,0.2443
2018/12/17,XLM,0.09561,0.1131,0.09465,0.1085
2019/1/17,XLM,0.1068,0.1094,0.1045,0.1082
2019/2/17,XLM,0.07949,0.08115,0.07728,0.07933
2019/3/17,XLM,0.1071,0.11,0.1067,0.1093
2019/4/17,XLM,0.1155,0.1168,0.1143,0.1165
2019/5/17,XLM,0.1394,0.1408,0.1158,0.1274
2019/6/17,XLM,0.1291,0.1319,0.1275,0.1307
2019/7/17,XLM,0.07981,0.08425,0.07607,0.08244
2019/8/17,XLM,0.06891,0.06925,0.06678,0.06723
2019/9/17,XLM,0.05876,0.06687,0.05828,0.06578
2019/10/17,XLM,0.06162,0.06504,0.06104,0.06414
2019/11/17,XLM,0.07142,0.07302,0.07127,0.07163
2019/12/17,XLM,0.04751,0.04757,0.04222,0.04337
2020/1/17,XLM,0.05362,0.06492,0.05304,0.0615
2020/2/17,XLM,0.07356,0.07553,0.06704,0.07134
2020/3/17,XLM,0.03449,0.03846,0.03444,0.0379
2020/4/17,XLM,0.04909,0.04981,0.04835,0.04885
2020/5/17,XLM,0.06819,0.07159,0.06776,0.07037
2020/6/17,XLM,0.07089,0.07411,0.06984,0.07158
2020/7/17,XLM,0.09545,0.1074,0.0954,0.1049
2020/8/17,XLM,0.1134,0.1195,0.1102,0.1149
2020/9/17,XLM,0.07996,0.08217,0.07812,0.08078
2020/10/17,XLM,0.07824,0.0841,0.07758,0.08074
2020/11/17,XLM,0.08201,0.08855,0.08201,0.08614
2020/12/17,XLM,0.1848,0.2088,0.18,0.1891
2021/1/17,XLM,0.2924,0.3189,0.2862,0.3067
2021/2/17,XLM,0.4869,0.5099,0.4564,0.4968
2021/3/17,XLM,0.3955,0.4043,0.3871,0.4036
2021/4/17,XLM,0.612,0.6439,0.5904,0.6089
2021/5/17,XLM,0.6951,0.7182,0.6232,0.6514
2021/6/17,XLM,0.322,0.33,0.3102,0.3152
2021/7/17,XLM,0.2397,0.2425,0.2281,0.2339
2021/8/17,XLM,0.3787,0.3838,0.3445,0.3452
2021/9/17,XLM,0.3299,0.333,0.3153,0.3183
2021/10/17,XLM,0.4066,0.4076,0.3676,0.3829
2021/11/17,XLM,0.3478,0.3497,0.3332,0.3438
2021/12/17,XLM,0.256777,0.262305,0.245698,0.253101
2022/1/17,XLM,0.258703,0.259904,0.249875,0.253801
2022/2/17,XLM,0.21951,0.226436,0.2011,0.204543
2022/3/17,XLM,0.187156,0.191076,0.185237,0.190795
2022/4/17,XLM,0.204441,0.207041,0.20072,0.203141
2022/5/17,XLM,0.137421,0.141516,0.133526,0.139119
2022/6/17,XLM,0.108249,0.116305,0.106831,0.112924
2022/7/17,XLM,0.108808,0.111177,0.10618,0.107122
2022/8/17,XLM,0.121811,0.127448,0.119509,0.120748
2022/9/17,XLM,0.105989,0.11413,0.105689,0.11315
2022/10/17,XLM,0.112756,0.115136,0.112082,0.113562
2022/11/17,XLM,0.0893377,0.0911089,0.0885791,0.0904394
2022/12/17,XLM,0.0760876,0.0761476,0.0724872,0.0751298
2023/1/17,XLM,0.0877744,0.0882653,0.0861795,0.0871287
2023/2/17,XLM,0.0872422,0.0903781,0.0858777,0.089679
2023/3/17,XLM,0.0847296,0.0877737,0.0839735,0.0874306
2023/4/17,XLM,0.107743,0.107854,0.103349,0.104433
2023/5/17,XLM,0.0870748,0.0891056,0.0870748,0.0883742
2023/6/17,XLM,0.077179,0.0804514,0.07691,0.0803262
2023/7/17,XLM,0.133291,0.134441,0.12437,0.128402
2023/8/17,XLM,0.124532,0.127478,0.104485,0.111636
2023/9/17,XLM,0.118771,0.119466,0.115165,0.116078
2023/10/17,XLM,0.107294,0.107859,0.10318,0.103228
2023/11/17,XLM,0.118613,0.120414,0.114307,0.11794
2023/12/17,XLM,0.1244,0.125001,0.122375,0.122574
2024/1/17,XLM,0.118881,0.119297,0.116789,0.118481
2024/2/17,XLM,0.114787,0.115964,0.113034,0.113125
2024/3/17,XLM,0.129324,0.133104,0.124123,0.131929
2024/4/17,XLM,0.109922,0.110039,0.104699,0.107888
2024/5/17,XLM,0.10632,0.109836,0.106085,0.108937
2024/6/17,XLM,0.0989907,0.0993894,0.0952019,0.0970753
2024/7/17,XLM,0.106327,0.112441,0.105888,0.10896
2024/8/17,XLM,0.0950065,0.0963987,0.0945027,0.0955686
2024/9/17,XLM,0.0943706,0.0964026,0.0940215,0.0950986
2024/10/17,XLM,0.09501,0.096791,0.093989,0.0948458
2024/11/17,XLM,0.214475,0.225686,0.189191,0.198206
2025/2/17,XLM,0.345268,0.348617,0.330517,0.3349
2015/1/21,XRP,0.01748,0.0175,0.01523,0.01523
2015/2/21,XRP,0.01307,0.0141,0.01307,0.01307
2015/3/21,XRP,0.007515,0.01019,0.0075,0.01011
2015/4/21,XRP,0.003565,0.003565,0.003565,0.003565
2015/5/21,XRP,0.005006,0.005006,0.005002,0.005002
2015/6/21,XRP,0.0141,0.01497,0.01,0.01
2015/7/21,XRP,0.008444,0.008444,0.0071,0.008438
2015/8/21,XRP,0.00875,0.00875,0.007778,0.007969
2015/9/21,XRP,0.0075,0.0077,0.0075,0.0076
2015/10/21,XRP,0.0048,0.0048,0.0046,0.0046
2015/11/21,XRP,0.004267,0.004273,0.004058,0.004058
2015/12/21,XRP,0.005,0.005108,0.0048,0.005108
2016/1/21,XRP,0.005433,0.005616,0.005241,0.005241
2016/2/21,XRP,0.007896,0.0084,0.007896,0.008312
2016/3/21,XRP,0.00778,0.008128,0.00778,0.00792
2016/4/21,XRP,0.006951,0.00776,0.006951,0.0073
2016/5/21,XRP,0.006095,0.006095,0.005724,0.00595
2016/6/21,XRP,0.00649,0.006587,0.005803,0.005804
2016/7/21,XRP,0.0064,0.006492,0.0064,0.006492
2016/8/21,XRP,0.006204,0.006204,0.005907,0.00604
2016/9/21,XRP,0.006825,0.00715,0.006643,0.006805
2016/10/21,XRP,0.0092,0.0093,0.008662,0.009098
2016/11/21,XRP,0.00765,0.007656,0.0074,0.0074
2016/12/21,XRP,0.006538,0.006582,0.00627,0.006559
2017/1/21,XRP,0.0066,0.00684,0.00652,0.00684
2017/2/21,XRP,0.00596,0.00596,0.00571,0.00585
2017/3/21,XRP,0.0069,0.00705,0.00663,0.00682
2017/4/21,XRP,0.02999,0.0347,0.02945,0.03355
2017/5/21,XRP,0.3449,0.36,0.319,0.324
2017/6/21,XRP,0.308,0.3126,0.2542,0.2726
2017/7/21,XRP,0.1925,0.1936,0.1828,0.1835
2017/8/21,XRP,0.1587,0.2081,0.1523,0.1958
2017/9/21,XRP,0.1817,0.1831,0.1703,0.171
2017/10/21,XRP,0.2081,0.2107,0.1971,0.2097
2017/11/21,XRP,0.2409,0.2444,0.2292,0.2318
2017/12/21,XRP,0.7144,1.13,0.7128,1.12
2018/1/21,XRP,1.57,1.57,1.31,1.37
2018/2/21,XRP,1.02,1.04,0.9397,0.955
2018/3/21,XRP,0.7045,0.7085,0.6621,0.6708
2018/4/21,XRP,0.927,0.9333,0.807,0.8463
2018/5/21,XRP,0.7001,0.7021,0.6695,0.6746
2018/6/21,XRP,0.5381,0.5483,0.5307,0.5323
2018/7/21,XRP,0.4345,0.4588,0.4337,0.4559
2018/8/21,XRP,0.3368,0.3373,0.3135,0.333
2018/9/21,XRP,0.4426,0.7784,0.4278,0.5465
2018/10/21,XRP,0.4652,0.4695,0.4626,0.4641
2018/11/21,XRP,0.4308,0.4631,0.4142,0.4434
2018/12/21,XRP,0.3784,0.3898,0.3548,0.3621
2019/1/21,XRP,0.3213,0.3244,0.3165,0.3189
2019/2/21,XRP,0.3298,0.3346,0.3187,0.3204
2019/3/21,XRP,0.3192,0.3209,0.3051,0.3115
2019/4/21,XRP,0.325,0.3304,0.3178,0.3204
2019/5/21,XRP,0.4,0.4083,0.3881,0.4
2019/6/21,XRP,0.4303,0.4497,0.4294,0.4407
2019/7/21,XRP,0.3397,0.3404,0.3212,0.3288
2019/8/21,XRP,0.2741,0.2751,0.2582,0.2638
2019/9/21,XRP,0.2902,0.2975,0.2866,0.2889
2019/10/21,XRP,0.2952,0.2962,0.2891,0.2932
2019/11/21,XRP,0.2502,0.2533,0.2356,0.2431
2019/12/21,XRP,0.196,0.1983,0.1906,0.1918
2020/1/21,XRP,0.2338,0.2414,0.2303,0.2374
2020/2/21,XRP,0.2739,0.2794,0.2689,0.273
2020/3/21,XRP,0.155,0.1619,0.1519,0.1577
2020/4/21,XRP,0.1811,0.1867,0.1811,0.185
2020/5/21,XRP,0.202,0.203,0.1897,0.1943
2020/6/21,XRP,0.1879,0.1888,0.186,0.1872
2020/7/21,XRP,0.1952,0.2009,0.1941,0.1989
2020/8/21,XRP,0.2913,0.2959,0.2782,0.2793
2020/9/21,XRP,0.2457,0.2479,0.2295,0.2337
2020/10/21,XRP,0.244,0.2558,0.243,0.2538
2020/11/21,XRP,0.323,0.4491,0.3228,0.4486
2020/12/21,XRP,0.5666,0.5693,0.4997,0.527
2021/1/21,XRP,0.2923,0.3078,0.2602,0.2681
2021/2/21,XRP,0.5016,0.558,0.4996,0.5403
2021/3/21,XRP,0.5359,0.5451,0.4961,0.5214
2021/4/21,XRP,1.408,1.463,1.286,1.334
2021/5/21,XRP,1.205,1.217,0.8707,0.9822
2021/6/21,XRP,0.7713,0.7796,0.6242,0.6242
2021/7/21,XRP,0.5316,0.5839,0.5199,0.5615
2021/8/21,XRP,1.269,1.282,1.206,1.225
2021/9/21,XRP,0.9274,0.9588,0.8597,0.9023
2021/10/21,XRP,1.139,1.164,1.091,1.1
2021/11/21,XRP,1.097,1.099,1.066,1.071
2021/12/21,XRP,0.869148,0.961284,0.853156,0.957283
2022/1/21,XRP,0.733647,0.734147,0.611322,0.63389
2022/2/21,XRP,0.791295,0.802121,0.711284,0.726763
2022/3/21,XRP,0.809724,0.855242,0.787915,0.836635
2022/4/21,XRP,0.754151,0.768654,0.731746,0.735874
2022/5/21,XRP,0.410107,0.417615,0.402716,0.411764
2022/6/21,XRP,0.319049,0.33713,0.317319,0.328538
2022/7/21,XRP,0.366018,0.36827,0.348693,0.367092
2022/8/21,XRP,0.337693,0.34849,0.335473,0.347093
2022/9/21,XRP,0.408404,0.432943,0.383338,0.3903
2022/10/21,XRP,0.441969,0.454918,0.434891,0.452236
2022/11/21,XRP,0.36365,0.364941,0.345178,0.362161
2022/12/21,XRP,0.352714,0.353214,0.3376,0.345917
2023/1/21,XRP,0.410074,0.416621,0.40028,0.405181
2023/2/21,XRP,0.397116,0.402564,0.387558,0.391367
2023/3/21,XRP,0.377643,0.494482,0.373602,0.463273
2023/4/21,XRP,0.472033,0.479205,0.440316,0.442351
2023/5/21,XRP,0.468521,0.472325,0.455373,0.459976
2023/6/21,XRP,0.490674,0.503324,0.489283,0.497325
2023/7/21,XRP,0.800728,0.801228,0.7602,0.773915
2023/8/21,XRP,0.539873,0.542673,0.50366,0.523821
2023/9/21,XRP,0.523331,0.523331,0.500385,0.50738
2023/10/21,XRP,0.521019,0.532254,0.51115,0.523356
2023/11/21,XRP,0.613223,0.618195,0.573123,0.580721
2023/12/21,XRP,0.618625,0.624975,0.610318,0.623912
2024/1/21,XRP,0.549649,0.554834,0.54726,0.54796
2024/2/21,XRP,0.564507,0.566913,0.532775,0.5477
2024/3/21,XRP,0.609502,0.654243,0.606309,0.638353
2024/4/21,XRP,0.528759,0.536766,0.518414,0.526289
2024/5/21,XRP,0.535203,0.556783,0.531883,0.533383
2024/6/21,XRP,0.488953,0.495423,0.479311,0.485998
2024/7/21,XRP,0.594155,0.608076,0.573004,0.59842
2024/8/21,XRP,0.595206,0.605703,0.585223,0.602348
2024/9/21,XRP,0.586853,0.612849,0.580094,0.59656
2024/10/21,XRP,0.54422,0.560435,0.540884,0.54657
2024/11/21,XRP,1.11217,1.23991,1.07875,1.20593
2025/2/21,XRP,2.6857,2.71578,2.50727,2.56223
